"Donut Worry, Be Happy - Food Puns"
"Gonna Sit Right Here, And Drink A Beer"
"I Promise, This Is My Last Beer."
"Lord Of Drinks, Funny Beer Shirt"
"One Bourbon, One Scotch Blues Music"
"Real Good Chance This Is Wine, Mug!"
'Merica Tank Top
ADVENTURE AWAITS T-Shirt
ADVENTURES ARE THE BEST WAY TO LEARN
AND SO THE ADVENTURE BEGINS
Adventure Awaits
Adventure Begins Best T-shirt 2016
Adventure Is Calling
Alchemical Mountain
Alkebulan (Africa)
All Day Every Day
Ameowica The Great - Funny Patriotic
America Strong Patriotic Tank Top
American Flag
American Gohan Tank Top - TS00003TT
American Patriot
American Sousaphone Tee
Avocado Front Pocket
BEER I LOVE YOU!
Bacon Is For Lovers!
Beer Prayer T-shirt
Best American Flag T Shirt For Men
Bitch Switch
Black Is My Happy Color
Blue Octopus Hoodie
Bookmarks Are For Quitters Reading Shirt - Funny Book Tshirt
CELEBRATE YOURSELF! LGBT Prom Fundraiser
Carson James T-Shirt
Cat Love Person!
Cat Pocket Shirt
Cat Yin Yang LIMITED EDITION
Chargin Chuck Football NES Game Cover
Chi Pocket !
Clover Beer St Patricks Day Leggings
Coffee Lovers Shirt - Coffee Blood Type
Crazy Bunny Lady Refuge
Dare To Climb Toddler
Dog Mom
Don't Grow Up
Don't Piss Me Off
Equality For All
Equality Is Everything. Love Is Power.
Equality March 2017 - Washington DC
FAce
FISHING GIRLS!
FREEDOM ISN'T FREE!
Feed Me A Donut - Food Puns
Fishing Fanatics Shirt - 99 Problems
Fishing Fanatics Sticker-Bad Day Fishing
Fluent Sarcasm
Fries Before Guys
Fun Pineapple In Your Pocket Vegan Tee
Funny !
Funny Christmas Eggnog Shirt!
Funny Clover St Patricks Day Gift
Funny Coffee Mug
Funny Pocket Aces T-Shirt
GUN RIGHTS- I AM AN AMERICAN (MP)
Geometric Colors
Geometric Leggings
Girls Girls Boys Pride Shirt
Guess What? Corgi Butt!
Gypsy Soul Flower Geometric Graphic
HIKING IT'S CHEAPER THAN THERAPY 1
HORSE SHIRT POCKET
Hand Lettered Adventure Awaits
Hate You Too
Hiking Is My Therapy!
Hipster
Hoodie Huge Robot Robotics
Hoodie Martian Rocket Spaceship Traffic
I LLOVE LLAMA
I Make Beer Disappear - Funny Beer Shirt
I Make Beer Disappear!
I Need Coffee Workout Tank
I'M SORRY BURPEES TANK TOP
I've Seen Limited-Edition
It Is What It Is - But It Will Become...
It's Beer Season
Just Do Nothing
Just Eat It Pizza Lover
Keep Going
Killin It
Kiss Me! Iâ€™m A Madden - 4 DAYS ONLY
Kittens In A Pocket
LET'S HAVE A BEER
LFR10
LGBT
Lemon Lovin'
Limited Ed - Drinkerbell
Limited Edition.
Lineman Life Wife Leggings
Living Legend Double Zero
Logo Tanks - Men's And Ladies
MY CAT LISTEN TO METAL - LIMITED EDITION
Moonlight Pokka Dots
Mountain Explorer
My Cat Can Live A Better Life Shirt
NES Game - Blow Me!
NEVER WALK ALONE - TANK TOP
New Adventures
No GOOD - LTD Edition
Normal People Scare Me
Not Sorry - Tank Tops
Npm Pride
Nurse American Flag Shirt
Octopus Hoodie Black
Old Skul Dude
One Love Lion Tank
Otterly Wasted Drinking Tshirt
PARROT IN MY POCKET
Patriotic Bear
Pawsitive Catitude
Pet Wussy
Pizza
Pizza Fixes Everything White
Poki Squad Baseball Tee
Pride In The Name Of Love
Proud To Be An American Long Sleeve
Push It!
RBG4LIFE
RUFF
Rainbow Heart Lesbian Pride LGBT Pride G
Rainbow Lesbian Gay Pride Lgbt Stronger
Rose's Green Sweater
Ruff Patch Rescue Mascot
SL34 Hoodies
Seriously Strange Ram
Silliest
Sleigh All Day Limited Edition
Slice Slice Baby - Pizza
Sorry Not Listening
Souled Out Tank Tops
Sound Guy Flag - Music
Space Pocket Illusion Tee
Squirrel Bag
Squirrel In My Pocket!
St Patrick Flag: Beer Splash
St Patrick's Day Leggings Irish Shamrock
Steve Dangle: Bloggers Be Gettin' Paid
Stop LGBT HATE!
T Shirt Adventure Lethal
T-shirts And Hoodies - SaRa Company
THIS IS AMERICA - WE AT BACON (MP)
Taste The Rainbow Tank
The Problem With Society
Tired AF Sleeper
Today's Forecast - LIMITED EDITION
Totally Gay Hoodie
Trucker's Wife Miles Apart Leggings
UNISEX SharkySquad Tank TOP
Unique.Fearless.Unstoppable.Inspiring
V.F.I.
Vinesauce Vineshroom
WE ARE AMERICANS WE BOW TO NO MAN (MP)
Wanna Bone? Silly Funny Sexy Shirt
We Can't Have Nice Things - Cat Tees
Wish You Were Beer Unisex Tank Top
Women's Deer Hunting Leggings
Worms In The Pocket
Yoga Girl Color Sitting Pose Hoodie
ZOMBIE-Beardy!
[Limited Edition] All I Care About
title